<?xml version="1.0" encoding="UTF-8"?>
<!--$Id: CustomElevationModel.xml 47 2011-09-02 14:59:13Z tgaskins $-->
<ElevationModel version="1" modelType="Compound">
    <ElevationModel version="1">
        <DisplayName>Earth Elevation Model</DisplayName>
        <Service serviceName="OGC:WMS" version="1.3">
            <GetCapabilitiesURL>http://data.worldwind.arc.nasa.gov/elev</GetCapabilitiesURL>
            <GetMapURL>http://data.worldwind.arc.nasa.gov/elev</GetMapURL>
            <LayerNames>mergedSrtm</LayerNames>
        </Service>
        <LastUpdate>1237413614397</LastUpdate>
        <DataCacheName>Earth/mergedSRTMV1</DataCacheName>
        <ImageFormat>image/bil</ImageFormat>
        <FormatSuffix>.bil</FormatSuffix>
        <ExtremeElevations min="-11000" max="8850">
            <FileName>config/SRTM30Plus_ExtremeElevations_5.bil</FileName>
        </ExtremeElevations>
        <NumLevels count="10" numEmpty="0"/>
        <TileOrigin>
            <LatLon units="degrees" latitude="-90" longitude="-180"/>
        </TileOrigin>
        <LevelZeroTileDelta>
            <LatLon units="degrees" latitude="20" longitude="20"/>
        </LevelZeroTileDelta>
        <TileSize>
            <Dimension width="150" height="150"/>
        </TileSize>
        <Sector>
            <SouthWest>
                <LatLon units="degrees" latitude="-90" longitude="-180"/>
            </SouthWest>
            <NorthEast>
                <LatLon units="degrees" latitude="90" longitude="180"/>
            </NorthEast>
        </Sector>
        <SectorResolutionLimit maxLevelNum="9">
            <Sector>
                <SouthWest>
                    <LatLon units="degrees" latitude="24" longitude="-125"/>
                </SouthWest>
                <NorthEast>
                    <LatLon units="degrees" latitude="50" longitude="-66.8"/>
                </NorthEast>
            </Sector>
        </SectorResolutionLimit>
        <SectorResolutionLimit maxLevelNum="9">
            <Sector>
                <SouthWest>
                    <LatLon units="degrees" latitude="18.5" longitude="-160.5"/>
                </SouthWest>
                <NorthEast>
                    <LatLon units="degrees" latitude="22.5" longitude="-154.5"/>
                </NorthEast>
            </Sector>
        </SectorResolutionLimit>
        <SectorResolutionLimit maxLevelNum="9">
            <Sector>
                <SouthWest>
                    <LatLon units="degrees" latitude="17.8" longitude="-67.4"/>
                </SouthWest>
                <NorthEast>
                    <LatLon units="degrees" latitude="18.7" longitude="-64.5"/>
                </NorthEast>
            </Sector>
        </SectorResolutionLimit>
        <SectorResolutionLimit maxLevelNum="9">
            <Sector>
                <SouthWest>
                    <LatLon units="degrees" latitude="48" longitude="-179.9"/>
                </SouthWest>
                <NorthEast>
                    <LatLon units="degrees" latitude="108" longitude="-128"/>
                </NorthEast>
            </Sector>
        </SectorResolutionLimit>
        <SectorResolutionLimit maxLevelNum="8">
            <Sector>
                <SouthWest>
                    <LatLon units="degrees" latitude="-54" longitude="-180"/>
                </SouthWest>
                <NorthEast>
                    <LatLon units="degrees" latitude="60" longitude="180"/>
                </NorthEast>
            </Sector>
        </SectorResolutionLimit>
        <SectorResolutionLimit maxLevelNum="4">
            <Sector>
                <SouthWest>
                    <LatLon units="degrees" latitude="-90" longitude="-180"/>
                </SouthWest>
                <NorthEast>
                    <LatLon units="degrees" latitude="90" longitude="180"/>
                </NorthEast>
            </Sector>
        </SectorResolutionLimit>
    </ElevationModel>
</ElevationModel>